[
{"type":"header","version":"5.2.1","comment":"Export to JSON plugin for PHPMyAdmin"},
{"type":"database","name":"library_db"},
{"type":"table","name":"books","database":"library_db","data":
[
{"id":"1","title":"Harry Potter","author":"J.K.Rowling","isbn":"978-0590353403","published_year":"1997","genre":"Advanture"},
{"id":"2","title":"Atomic Habits","author":"James Clear","isbn":"978-0735211292","published_year":"2018","genre":"Psychology"},
{"id":"3","title":"Lord of the Rings","author":"J.R.R.Tokien","isbn":"978-0618002228","published_year":"1954","genre":"Epic Fiction"},
{"id":"4","title":"Ponniyin Selvan","author":"Kalki Krishnamurthy","isbn":"978-8184932526","published_year":"1950","genre":"Historical Fiction"}
]
}
]
